[{"type":"王永珍","created_at":1624008219000},{"type":"王永珍","created_at":1624049930000},{"type":"王永珍","created_at":1624020300000},{"type":"王永珍","created_at":1624012220000},{"type":"王永珍","created_at":1624006705000},{"type":"王永珍","created_at":1624115717000},{"type":"王永珍","created_at":1624049097000},{"type":"王永珍","created_at":1624021645000},{"type":"王永珍","created_at":1624015110000},{"type":"王永珍","created_at":1623887588000},{"type":"王永珍","created_at":1623740078000},{"type":"王永珍","created_at":1624136396000},{"type":"王永珍","created_at":1624133472000},{"type":"王永珍","created_at":1624132287000},{"type":"王永珍","created_at":1624089024000},{"type":"王永珍","created_at":1623540286000},{"type":"王永珍","created_at":1624120930000},{"type":"王永珍","created_at":1624119193000},{"type":"王永珍","created_at":1624128954000},{"type":"王永珍","created_at":1624127238000},{"type":"王永珍","created_at":1624130988000},{"type":"王永珍","created_at":1624126071000},{"type":"王永珍","created_at":1624122656000},{"type":"王永珍","created_at":1624122656000},{"type":"王永珍","created_at":1624124984000},{"type":"王永珍","created_at":1624124936000},{"type":"王永珍","created_at":1624130645000},{"type":"王永珍","created_at":1624122698000},{"type":"王永珍","created_at":1624122634000},{"type":"王永珍","created_at":1624131671000},{"type":"王永珍","created_at":1624131420000},{"type":"王永珍","created_at":1624131001000},{"type":"王永珍","created_at":1624125501000},{"type":"王永珍","created_at":1623716390000},{"type":"王永珍","created_at":1624118450000},{"type":"王永珍","created_at":1624115987000},{"type":"王永珍","created_at":1624115401000},{"type":"王永珍","created_at":1624113015000},{"type":"王永珍","created_at":1624110679000},{"type":"王永珍","created_at":1624112323000},{"type":"王永珍","created_at":1624107655000},{"type":"王永珍","created_at":1624111619000},{"type":"王永珍","created_at":1624107198000},{"type":"王永珍","created_at":1624106986000},{"type":"王永珍","created_at":1624105508000},{"type":"王永珍","created_at":1624104064000},{"type":"王永珍","created_at":1624104717000},{"type":"王永珍","created_at":1624064600000},{"type":"王永珍","created_at":1624103955000},{"type":"王永珍","created_at":1624103694000},{"type":"王永珍","created_at":1624104038000},{"type":"王永珍","created_at":1624103731000},{"type":"王永珍","created_at":1624112289000},{"type":"王永珍","created_at":1624102263000},{"type":"王永珍","created_at":1624111717000},{"type":"王永珍","created_at":1624111615000},{"type":"王永珍","created_at":1624102061000},{"type":"王永珍","created_at":1623520959000},{"type":"王永珍","created_at":1623516123000},{"type":"王永珍","created_at":1623514153000},{"type":"王永珍","created_at":1623511943000},{"type":"王永珍","created_at":1623508966000},{"type":"王永珍","created_at":1623501931000},{"type":"王永珍","created_at":1623521159000},{"type":"王永珍","created_at":1623517386000},{"type":"王永珍","created_at":1623516684000},{"type":"王永珍","created_at":1623516409000},{"type":"王永珍","created_at":1623514072000},{"type":"王永珍","created_at":1623510909000},{"type":"王永珍","created_at":1623502527000},{"type":"王永珍","created_at":1623492947000},{"type":"王永珍","created_at":1623483331000},{"type":"王永珍","created_at":1623483065000},{"type":"王永珍","created_at":1623479337000},{"type":"王永珍","created_at":1623514036000},{"type":"王永珍","created_at":1623513896000},{"type":"王永珍","created_at":1623513844000},{"type":"王永珍","created_at":1623496638000},{"type":"王永珍","created_at":1623494336000},{"type":"王永珍","created_at":1623493890000},{"type":"王永珍","created_at":1623492936000},{"type":"王永珍","created_at":1623489660000},{"type":"王永珍","created_at":1623481562000},{"type":"王永珍","created_at":1623466206000},{"type":"王永珍","created_at":1623517069000},{"type":"王永珍","created_at":1623512218000},{"type":"王永珍","created_at":1623502119000},{"type":"王永珍","created_at":1623497857000},{"type":"王永珍","created_at":1623485961000},{"type":"王永珍","created_at":1623477950000},{"type":"王永珍","created_at":1623463487000},{"type":"王永珍","created_at":1623462677000},{"type":"王永珍","created_at":1623462352000},{"type":"王永珍","created_at":1623516623000},{"type":"王永珍","created_at":1623513642000},{"type":"王永珍","created_at":1623513262000},{"type":"王永珍","created_at":1623511886000},{"type":"王永珍","created_at":1623509993000},{"type":"王永珍","created_at":1623509495000},{"type":"王永珍","created_at":1623504311000},{"type":"王永珍","created_at":1623496301000},{"type":"王永珍","created_at":1623492942000},{"type":"王永珍","created_at":1623492412000},{"type":"王永珍","created_at":1623580709000},{"type":"王永珍","created_at":1623539146000},{"type":"王永珍","created_at":1623572242000},{"type":"王永珍","created_at":1623567157000},{"type":"王永珍","created_at":1623546420000},{"type":"王永珍","created_at":1623581344000},{"type":"王永珍","created_at":1623572801000},{"type":"王永珍","created_at":1623523816000},{"type":"王永珍","created_at":1623577984000},{"type":"王永珍","created_at":1623576863000},{"type":"王永珍","created_at":1623564202000},{"type":"王永珍","created_at":1623526583000},{"type":"王永珍","created_at":1623572276000},{"type":"王永珍","created_at":1623572123000},{"type":"王永珍","created_at":1623532389000},{"type":"王永珍","created_at":1623532208000},{"type":"王永珍","created_at":1623618112000},{"type":"王永珍","created_at":1623591138000},{"type":"王永珍","created_at":1623591003000},{"type":"王永珍","created_at":1623627295000},{"type":"王永珍","created_at":1623610197000},{"type":"王永珍","created_at":1623586224000},{"type":"王永珍","created_at":1623626586000},{"type":"王永珍","created_at":1623621490000},{"type":"王永珍","created_at":1623613394000},{"type":"王永珍","created_at":1623602049000},{"type":"王永珍","created_at":1623602018000},{"type":"王永珍","created_at":1623598717000},{"type":"王永珍","created_at":1623591304000},{"type":"王永珍","created_at":1623625055000},{"type":"王永珍","created_at":1623614987000},{"type":"王永珍","created_at":1623610413000},{"type":"王永珍","created_at":1623598724000},{"type":"王永珍","created_at":1623594694000},{"type":"王永珍","created_at":1623587488000},{"type":"王永珍","created_at":1623620205000},{"type":"王永珍","created_at":1623700002000},{"type":"王永珍","created_at":1623697636000},{"type":"王永珍","created_at":1623696840000},{"type":"王永珍","created_at":1623696202000},{"type":"王永珍","created_at":1623694142000},{"type":"王永珍","created_at":1623693093000},{"type":"王永珍","created_at":1623692485000},{"type":"王永珍","created_at":1623686445000},{"type":"王永珍","created_at":1623685100000},{"type":"王永珍","created_at":1623673286000},{"type":"王永珍","created_at":1623666691000},{"type":"王永珍","created_at":1623652635000},{"type":"王永珍","created_at":1623628225000},{"type":"王永珍","created_at":1623697570000},{"type":"王永珍","created_at":1623696283000},{"type":"王永珍","created_at":1623694687000},{"type":"王永珍","created_at":1623693022000},{"type":"王永珍","created_at":1623686899000},{"type":"王永珍","created_at":1623686012000},{"type":"王永珍","created_at":1623676743000},{"type":"王永珍","created_at":1623674581000},{"type":"王永珍","created_at":1623669203000},{"type":"王永珍","created_at":1623629733000},{"type":"王永珍","created_at":1623696929000},{"type":"王永珍","created_at":1623693780000},{"type":"王永珍","created_at":1623693140000},{"type":"王永珍","created_at":1623692360000},{"type":"王永珍","created_at":1623685311000},{"type":"王永珍","created_at":1623674785000},{"type":"王永珍","created_at":1623668343000},{"type":"王永珍","created_at":1623696933000},{"type":"王永珍","created_at":1623693468000},{"type":"王永珍","created_at":1623692780000},{"type":"王永珍","created_at":1623679345000},{"type":"王永珍","created_at":1623648991000},{"type":"王永珍","created_at":1623633610000},{"type":"王永珍","created_at":1623628723000},{"type":"王永珍","created_at":1623692654000},{"type":"王永珍","created_at":1623692172000},{"type":"王永珍","created_at":1623686241000},{"type":"王永珍","created_at":1623675553000},{"type":"王永珍","created_at":1623636691000},{"type":"王永珍","created_at":1623745657000},{"type":"王永珍","created_at":1623734849000},{"type":"王永珍","created_at":1623719862000},{"type":"王永珍","created_at":1623711798000},{"type":"王永珍","created_at":1623709288000},{"type":"王永珍","created_at":1623752768000},{"type":"王永珍","created_at":1623752034000},{"type":"王永珍","created_at":1623751961000},{"type":"王永珍","created_at":1623751901000},{"type":"王永珍","created_at":1623747502000},{"type":"王永珍","created_at":1623741532000},{"type":"王永珍","created_at":1623729321000},{"type":"王永珍","created_at":1623726471000},{"type":"王永珍","created_at":1623723442000},{"type":"王永珍","created_at":1623719541000},{"type":"王永珍","created_at":1623752445000},{"type":"王永珍","created_at":1623747191000},{"type":"王永珍","created_at":1623741069000},{"type":"王永珍","created_at":1623740511000},{"type":"王永珍","created_at":1623739467000},{"type":"王永珍","created_at":1623715184000},{"type":"王永珍","created_at":1623714946000},{"type":"王永珍","created_at":1623703533000},{"type":"王永珍","created_at":1623703140000},{"type":"王永珍","created_at":1623702797000},{"type":"王永珍","created_at":1623754609000},{"type":"王永珍","created_at":1623752200000},{"type":"王永珍","created_at":1623752138000},{"type":"王永珍","created_at":1623751228000},{"type":"王永珍","created_at":1623751159000},{"type":"王永珍","created_at":1623742247000},{"type":"王永珍","created_at":1623704351000},{"type":"王永珍","created_at":1623702626000},{"type":"王永珍","created_at":1623742289000},{"type":"王永珍","created_at":1623742105000},{"type":"王永珍","created_at":1623740706000},{"type":"王永珍","created_at":1623732474000},{"type":"王永珍","created_at":1623721290000},{"type":"王永珍","created_at":1623716825000},{"type":"王永珍","created_at":1623710306000},{"type":"王永珍","created_at":1623710275000},{"type":"王永珍","created_at":1623704666000},{"type":"王永珍","created_at":1623702574000},{"type":"王永珍","created_at":1623755160000},{"type":"王永珍","created_at":1623752662000},{"type":"王永珍","created_at":1623752028000},{"type":"王永珍","created_at":1623796106000},{"type":"王永珍","created_at":1623795982000},{"type":"王永珍","created_at":1623790847000},{"type":"王永珍","created_at":1623790767000},{"type":"王永珍","created_at":1623789757000},{"type":"王永珍","created_at":1623789607000},{"type":"王永珍","created_at":1623765698000},{"type":"王永珍","created_at":1623757233000},{"type":"王永珍","created_at":1623797815000},{"type":"王永珍","created_at":1623797869000},{"type":"王永珍","created_at":1623796832000},{"type":"王永珍","created_at":1623795978000},{"type":"王永珍","created_at":1623794141000},{"type":"王永珍","created_at":1623791996000},{"type":"王永珍","created_at":1623789085000},{"type":"王永珍","created_at":1623782985000},{"type":"王永珍","created_at":1623770354000},{"type":"王永珍","created_at":1623799161000},{"type":"王永珍","created_at":1623798664000},{"type":"王永珍","created_at":1623798496000},{"type":"王永珍","created_at":1623797343000},{"type":"王永珍","created_at":1623797116000},{"type":"王永珍","created_at":1623796190000},{"type":"王永珍","created_at":1623792467000},{"type":"王永珍","created_at":1623789776000},{"type":"王永珍","created_at":1623789652000},{"type":"王永珍","created_at":1623789297000},{"type":"王永珍","created_at":1623765333000},{"type":"王永珍","created_at":1623759858000},{"type":"王永珍","created_at":1623757052000},{"type":"王永珍","created_at":1623756901000},{"type":"王永珍","created_at":1623793173000},{"type":"王永珍","created_at":1623791924000},{"type":"王永珍","created_at":1623790678000},{"type":"王永珍","created_at":1623786561000},{"type":"王永珍","created_at":1623798715000},{"type":"王永珍","created_at":1623797629000},{"type":"王永珍","created_at":1623797254000},{"type":"王永珍","created_at":1623796533000},{"type":"王永珍","created_at":1623792630000},{"type":"王永珍","created_at":1623790216000},{"type":"王永珍","created_at":1623789207000},{"type":"王永珍","created_at":1623784914000},{"type":"王永珍","created_at":1623760286000},{"type":"王永珍","created_at":1623757605000},{"type":"王永珍","created_at":1623799197000},{"type":"王永珍","created_at":1623797475000},{"type":"王永珍","created_at":1623804760000},{"type":"王永珍","created_at":1623803834000},{"type":"王永珍","created_at":1623803730000},{"type":"王永珍","created_at":1623803071000},{"type":"王永珍","created_at":1623802839000},{"type":"王永珍","created_at":1623801448000},{"type":"王永珍","created_at":1623801295000},{"type":"王永珍","created_at":1623805899000},{"type":"王永珍","created_at":1623804240000},{"type":"王永珍","created_at":1623803726000},{"type":"王永珍","created_at":1623803281000},{"type":"王永珍","created_at":1623802189000},{"type":"王永珍","created_at":1623801637000},{"type":"王永珍","created_at":1623801613000},{"type":"王永珍","created_at":1623801306000},{"type":"王永珍","created_at":1623800858000},{"type":"王永珍","created_at":1623799764000},{"type":"王永珍","created_at":1623799646000},{"type":"王永珍","created_at":1623805046000},{"type":"王永珍","created_at":1623804335000},{"type":"王永珍","created_at":1623804287000},{"type":"王永珍","created_at":1623804095000},{"type":"王永珍","created_at":1623803053000},{"type":"王永珍","created_at":1623802262000},{"type":"王永珍","created_at":1623801696000},{"type":"王永珍","created_at":1623801028000},{"type":"王永珍","created_at":1623799775000},{"type":"王永珍","created_at":1623799556000},{"type":"王永珍","created_at":1623799292000},{"type":"王永珍","created_at":1623805570000},{"type":"王永珍","created_at":1623805132000},{"type":"王永珍","created_at":1623805074000},{"type":"王永珍","created_at":1623803316000},{"type":"王永珍","created_at":1623802859000},{"type":"王永珍","created_at":1623802331000},{"type":"王永珍","created_at":1623801683000},{"type":"王永珍","created_at":1623801640000},{"type":"王永珍","created_at":1623800258000},{"type":"王永珍","created_at":1623805675000},{"type":"王永珍","created_at":1623805054000},{"type":"王永珍","created_at":1623804702000},{"type":"王永珍","created_at":1623803996000},{"type":"王永珍","created_at":1623802937000},{"type":"王永珍","created_at":1623802648000},{"type":"王永珍","created_at":1623802598000},{"type":"王永珍","created_at":1623801998000},{"type":"王永珍","created_at":1623801104000},{"type":"王永珍","created_at":1623801002000},{"type":"王永珍","created_at":1623800815000},{"type":"王永珍","created_at":1623799862000},{"type":"王永珍","created_at":1623819182000},{"type":"王永珍","created_at":1623816397000},{"type":"王永珍","created_at":1623811981000},{"type":"王永珍","created_at":1623807760000},{"type":"王永珍","created_at":1623806116000},{"type":"王永珍","created_at":1623821811000},{"type":"王永珍","created_at":1623820417000},{"type":"王永珍","created_at":1623818894000},{"type":"王永珍","created_at":1623817412000},{"type":"王永珍","created_at":1623812459000},{"type":"王永珍","created_at":1623811927000},{"type":"王永珍","created_at":1623810812000},{"type":"王永珍","created_at":1623810190000},{"type":"王永珍","created_at":1623809537000},{"type":"王永珍","created_at":1623806802000},{"type":"王永珍","created_at":1623806088000},{"type":"王永珍","created_at":1623819782000},{"type":"王永珍","created_at":1623812908000},{"type":"王永珍","created_at":1623812405000},{"type":"王永珍","created_at":1623812181000},{"type":"王永珍","created_at":1623809944000},{"type":"王永珍","created_at":1623808957000},{"type":"王永珍","created_at":1623808439000},{"type":"王永珍","created_at":1623808174000},{"type":"王永珍","created_at":1623807501000},{"type":"王永珍","created_at":1623806814000},{"type":"王永珍","created_at":1623806405000},{"type":"王永珍","created_at":1623805979000},{"type":"王永珍","created_at":1623821856000},{"type":"王永珍","created_at":1623821405000},{"type":"王永珍","created_at":1623819945000},{"type":"王永珍","created_at":1623819666000},{"type":"王永珍","created_at":1623816505000},{"type":"王永珍","created_at":1623812860000},{"type":"王永珍","created_at":1623810593000},{"type":"王永珍","created_at":1623808964000},{"type":"王永珍","created_at":1623807351000},{"type":"王永珍","created_at":1623807287000},{"type":"王永珍","created_at":1623820931000},{"type":"王永珍","created_at":1623819175000},{"type":"王永珍","created_at":1623818824000},{"type":"王永珍","created_at":1623818753000},{"type":"王永珍","created_at":1623816959000},{"type":"王永珍","created_at":1623816933000},{"type":"王永珍","created_at":1623813877000},{"type":"王永珍","created_at":1623810886000},{"type":"王永珍","created_at":1623809376000},{"type":"王永珍","created_at":1623808304000},{"type":"王永珍","created_at":1623807072000},{"type":"王永珍","created_at":1623806311000},{"type":"王永珍","created_at":1623830592000},{"type":"王永珍","created_at":1623829350000},{"type":"王永珍","created_at":1623828063000},{"type":"王永珍","created_at":1623827538000},{"type":"王永珍","created_at":1623827505000},{"type":"王永珍","created_at":1623823870000},{"type":"王永珍","created_at":1623822936000},{"type":"王永珍","created_at":1623822339000},{"type":"王永珍","created_at":1623829316000},{"type":"王永珍","created_at":1623829239000},{"type":"王永珍","created_at":1623829200000},{"type":"王永珍","created_at":1623828297000},{"type":"王永珍","created_at":1623825956000},{"type":"王永珍","created_at":1623825387000},{"type":"王永珍","created_at":1623822046000},{"type":"王永珍","created_at":1623830560000},{"type":"王永珍","created_at":1623830469000},{"type":"王永珍","created_at":1623830246000},{"type":"王永珍","created_at":1623830235000},{"type":"王永珍","created_at":1623829686000},{"type":"王永珍","created_at":1623827077000},{"type":"王永珍","created_at":1623825723000},{"type":"王永珍","created_at":1623822259000},{"type":"王永珍","created_at":1623830381000},{"type":"王永珍","created_at":1623829436000},{"type":"王永珍","created_at":1623828955000},{"type":"王永珍","created_at":1623828816000},{"type":"王永珍","created_at":1623826196000},{"type":"王永珍","created_at":1623824727000},{"type":"王永珍","created_at":1623824368000},{"type":"王永珍","created_at":1623822717000},{"type":"王永珍","created_at":1623829364000},{"type":"王永珍","created_at":1623829048000},{"type":"王永珍","created_at":1623829046000},{"type":"王永珍","created_at":1623827741000},{"type":"王永珍","created_at":1623827400000},{"type":"王永珍","created_at":1623826980000},{"type":"王永珍","created_at":1623826859000},{"type":"王永珍","created_at":1623825522000},{"type":"王永珍","created_at":1623825502000},{"type":"王永珍","created_at":1623824344000},{"type":"王永珍","created_at":1623824249000},{"type":"王永珍","created_at":1623823754000},{"type":"王永珍","created_at":1623823326000},{"type":"王永珍","created_at":1623823026000},{"type":"王永珍","created_at":1623822250000},{"type":"王永珍","created_at":1623822067000},{"type":"王永珍","created_at":1623830515000},{"type":"王永珍","created_at":1623829967000},{"type":"王永珍","created_at":1623829395000},{"type":"王永珍","created_at":1623834169000},{"type":"王永珍","created_at":1623833966000},{"type":"王永珍","created_at":1623833687000},{"type":"王永珍","created_at":1623833561000},{"type":"王永珍","created_at":1623832774000},{"type":"王永珍","created_at":1623832468000},{"type":"王永珍","created_at":1623832051000},{"type":"王永珍","created_at":1623831404000},{"type":"王永珍","created_at":1623831184000},{"type":"王永珍","created_at":1623830938000},{"type":"王永珍","created_at":1623830630000},{"type":"王永珍","created_at":1623830616000},{"type":"王永珍","created_at":1623833328000},{"type":"王永珍","created_at":1623833285000},{"type":"王永珍","created_at":1623832895000},{"type":"王永珍","created_at":1623832792000},{"type":"王永珍","created_at":1623832557000},{"type":"王永珍","created_at":1623831866000},{"type":"王永珍","created_at":1623831848000},{"type":"王永珍","created_at":1623831847000},{"type":"王永珍","created_at":1623831718000},{"type":"王永珍","created_at":1623831286000},{"type":"王永珍","created_at":1623835100000},{"type":"王永珍","created_at":1623834349000},{"type":"王永珍","created_at":1623833950000},{"type":"王永珍","created_at":1623832374000},{"type":"王永珍","created_at":1623832062000},{"type":"王永珍","created_at":1623831596000},{"type":"王永珍","created_at":1623835120000},{"type":"王永珍","created_at":1623834787000},{"type":"王永珍","created_at":1623833539000},{"type":"王永珍","created_at":1623833502000},{"type":"王永珍","created_at":1623833471000},{"type":"王永珍","created_at":1623833430000},{"type":"王永珍","created_at":1623833149000},{"type":"王永珍","created_at":1623832754000},{"type":"王永珍","created_at":1623831436000},{"type":"王永珍","created_at":1623831385000},{"type":"王永珍","created_at":1623830985000},{"type":"王永珍","created_at":1623830943000},{"type":"王永珍","created_at":1623830922000},{"type":"王永珍","created_at":1623834833000},{"type":"王永珍","created_at":1623834040000},{"type":"王永珍","created_at":1623833611000},{"type":"王永珍","created_at":1623833160000},{"type":"王永珍","created_at":1623833146000},{"type":"王永珍","created_at":1623833083000},{"type":"王永珍","created_at":1623832755000},{"type":"王永珍","created_at":1623830689000},{"type":"王永珍","created_at":1623840809000},{"type":"王永珍","created_at":1623838612000},{"type":"王永珍","created_at":1623838256000},{"type":"王永珍","created_at":1623838222000},{"type":"王永珍","created_at":1623837421000},{"type":"王永珍","created_at":1623837396000},{"type":"王永珍","created_at":1623836262000},{"type":"王永珍","created_at":1623835629000},{"type":"王永珍","created_at":1623835199000},{"type":"王永珍","created_at":1623840989000},{"type":"王永珍","created_at":1623840547000},{"type":"王永珍","created_at":1623839118000},{"type":"王永珍","created_at":1623838508000},{"type":"王永珍","created_at":1623837661000},{"type":"王永珍","created_at":1623837401000},{"type":"王永珍","created_at":1623836688000},{"type":"王永珍","created_at":1623835862000},{"type":"王永珍","created_at":1623835789000},{"type":"王永珍","created_at":1623835487000},{"type":"王永珍","created_at":1623840356000},{"type":"王永珍","created_at":1623837760000},{"type":"王永珍","created_at":1623837590000},{"type":"王永珍","created_at":1623837452000},{"type":"王永珍","created_at":1623837419000},{"type":"王永珍","created_at":1623836888000},{"type":"王永珍","created_at":1623836774000},{"type":"王永珍","created_at":1623836115000},{"type":"王永珍","created_at":1623835429000},{"type":"王永珍","created_at":1623835361000},{"type":"王永珍","created_at":1623840646000},{"type":"王永珍","created_at":1623840225000},{"type":"王永珍","created_at":1623838993000},{"type":"王永珍","created_at":1623838263000},{"type":"王永珍","created_at":1623836821000},{"type":"王永珍","created_at":1623836539000},{"type":"王永珍","created_at":1623836439000},{"type":"王永珍","created_at":1623836274000},{"type":"王永珍","created_at":1623836129000},{"type":"王永珍","created_at":1623835588000},{"type":"王永珍","created_at":1623835321000},{"type":"王永珍","created_at":1623841143000},{"type":"王永珍","created_at":1623841132000},{"type":"王永珍","created_at":1623840777000},{"type":"王永珍","created_at":1623838800000},{"type":"王永珍","created_at":1623838498000},{"type":"王永珍","created_at":1623838430000},{"type":"王永珍","created_at":1623837945000},{"type":"王永珍","created_at":1623837806000},{"type":"王永珍","created_at":1623835740000},{"type":"王永珍","created_at":1623835180000},{"type":"王永珍","created_at":1623847842000},{"type":"王永珍","created_at":1623846736000},{"type":"王永珍","created_at":1623846355000},{"type":"王永珍","created_at":1623844835000},{"type":"王永珍","created_at":1623844511000},{"type":"王永珍","created_at":1623844394000},{"type":"王永珍","created_at":1623844329000},{"type":"王永珍","created_at":1623843520000},{"type":"王永珍","created_at":1623843315000},{"type":"王永珍","created_at":1623843311000},{"type":"王永珍","created_at":1623842758000},{"type":"王永珍","created_at":1623847737000},{"type":"王永珍","created_at":1623846849000},{"type":"王永珍","created_at":1623845578000},{"type":"王永珍","created_at":1623844273000},{"type":"王永珍","created_at":1623844149000},{"type":"王永珍","created_at":1623844105000},{"type":"王永珍","created_at":1623843948000},{"type":"王永珍","created_at":1623843859000},{"type":"王永珍","created_at":1623843665000},{"type":"王永珍","created_at":1623843639000},{"type":"王永珍","created_at":1623843306000},{"type":"王永珍","created_at":1623843072000},{"type":"王永珍","created_at":1623842001000},{"type":"王永珍","created_at":1623841572000},{"type":"王永珍","created_at":1623847972000},{"type":"王永珍","created_at":1623847475000},{"type":"王永珍","created_at":1623846949000},{"type":"王永珍","created_at":1623846868000},{"type":"王永珍","created_at":1623846562000},{"type":"王永珍","created_at":1623846011000},{"type":"王永珍","created_at":1623845695000},{"type":"王永珍","created_at":1623845247000},{"type":"王永珍","created_at":1623845230000},{"type":"王永珍","created_at":1623844737000},{"type":"王永珍","created_at":1623844071000},{"type":"王永珍","created_at":1623843641000},{"type":"王永珍","created_at":1623842833000},{"type":"王永珍","created_at":1623842736000},{"type":"王永珍","created_at":1623842068000},{"type":"王永珍","created_at":1623841634000},{"type":"王永珍","created_at":1623841489000},{"type":"王永珍","created_at":1623847773000},{"type":"王永珍","created_at":1623846299000},{"type":"王永珍","created_at":1623846143000},{"type":"王永珍","created_at":1623845336000},{"type":"王永珍","created_at":1623845075000},{"type":"王永珍","created_at":1623847693000},{"type":"王永珍","created_at":1623845414000},{"type":"王永珍","created_at":1623843421000},{"type":"王永珍","created_at":1623856005000},{"type":"王永珍","created_at":1623854534000},{"type":"王永珍","created_at":1623854508000},{"type":"王永珍","created_at":1623853943000},{"type":"王永珍","created_at":1623849582000},{"type":"王永珍","created_at":1623849533000},{"type":"王永珍","created_at":1623848751000},{"type":"王永珍","created_at":1623848225000},{"type":"王永珍","created_at":1623855629000},{"type":"王永珍","created_at":1623854291000},{"type":"王永珍","created_at":1623854096000},{"type":"王永珍","created_at":1623854010000},{"type":"王永珍","created_at":1623852520000},{"type":"王永珍","created_at":1623850608000},{"type":"王永珍","created_at":1623849918000},{"type":"王永珍","created_at":1623849697000},{"type":"王永珍","created_at":1623848627000},{"type":"王永珍","created_at":1623848440000},{"type":"王永珍","created_at":1623848227000},{"type":"王永珍","created_at":1623854659000},{"type":"王永珍","created_at":1623854584000},{"type":"王永珍","created_at":1623854231000},{"type":"王永珍","created_at":1623853636000},{"type":"王永珍","created_at":1623851595000},{"type":"王永珍","created_at":1623850041000},{"type":"王永珍","created_at":1623849603000},{"type":"王永珍","created_at":1623855985000},{"type":"王永珍","created_at":1623855855000},{"type":"王永珍","created_at":1623854624000},{"type":"王永珍","created_at":1623854449000},{"type":"王永珍","created_at":1623854188000},{"type":"王永珍","created_at":1623853958000},{"type":"王永珍","created_at":1623853118000},{"type":"王永珍","created_at":1623852119000},{"type":"王永珍","created_at":1623850711000},{"type":"王永珍","created_at":1623849795000},{"type":"王永珍","created_at":1623854802000},{"type":"王永珍","created_at":1623854622000},{"type":"王永珍","created_at":1623854293000},{"type":"王永珍","created_at":1623853695000},{"type":"王永珍","created_at":1623853161000},{"type":"王永珍","created_at":1623852644000},{"type":"王永珍","created_at":1623852238000},{"type":"王永珍","created_at":1623850500000},{"type":"王永珍","created_at":1623849229000},{"type":"王永珍","created_at":1623849140000},{"type":"王永珍","created_at":1623848641000},{"type":"王永珍","created_at":1623848294000},{"type":"王永珍","created_at":1623848174000},{"type":"王永珍","created_at":1623848028000},{"type":"王永珍","created_at":1623868079000},{"type":"王永珍","created_at":1623866541000},{"type":"王永珍","created_at":1623865896000},{"type":"王永珍","created_at":1623865487000},{"type":"王永珍","created_at":1623864673000},{"type":"王永珍","created_at":1623862298000},{"type":"王永珍","created_at":1623861720000},{"type":"王永珍","created_at":1623860738000},{"type":"王永珍","created_at":1623860645000},{"type":"王永珍","created_at":1623860441000},{"type":"王永珍","created_at":1623860237000},{"type":"王永珍","created_at":1623856743000},{"type":"王永珍","created_at":1623856736000},{"type":"王永珍","created_at":1623856539000},{"type":"王永珍","created_at":1623856556000},{"type":"王永珍","created_at":1623868534000},{"type":"王永珍","created_at":1623864248000},{"type":"王永珍","created_at":1623863856000},{"type":"王永珍","created_at":1623860739000},{"type":"王永珍","created_at":1623858995000},{"type":"王永珍","created_at":1623858887000},{"type":"王永珍","created_at":1623856355000},{"type":"王永珍","created_at":1623856034000},{"type":"王永珍","created_at":1623868473000},{"type":"王永珍","created_at":1623868184000},{"type":"王永珍","created_at":1623867751000},{"type":"王永珍","created_at":1623867240000},{"type":"王永珍","created_at":1623865120000},{"type":"王永珍","created_at":1623864369000},{"type":"王永珍","created_at":1623864091000},{"type":"王永珍","created_at":1623863811000},{"type":"王永珍","created_at":1623863420000},{"type":"王永珍","created_at":1623860953000},{"type":"王永珍","created_at":1623865565000},{"type":"王永珍","created_at":1623862961000},{"type":"王永珍","created_at":1623862234000},{"type":"王永珍","created_at":1623861481000},{"type":"王永珍","created_at":1623860219000},{"type":"王永珍","created_at":1623859635000},{"type":"王永珍","created_at":1623859316000},{"type":"王永珍","created_at":1623856646000},{"type":"王永珍","created_at":1623858870000},{"type":"王永珍","created_at":1623856078000},{"type":"王永珍","created_at":1623863942000},{"type":"王永珍","created_at":1623863787000},{"type":"王永珍","created_at":1623863590000},{"type":"王永珍","created_at":1623862917000},{"type":"王永珍","created_at":1623862776000},{"type":"王永珍","created_at":1623873137000},{"type":"王永珍","created_at":1623871831000},{"type":"王永珍","created_at":1623871072000},{"type":"王永珍","created_at":1623869411000},{"type":"王永珍","created_at":1623880090000},{"type":"王永珍","created_at":1623877486000},{"type":"王永珍","created_at":1623877109000},{"type":"王永珍","created_at":1623876528000},{"type":"王永珍","created_at":1623876297000},{"type":"王永珍","created_at":1623873841000},{"type":"王永珍","created_at":1623873772000},{"type":"王永珍","created_at":1623881978000},{"type":"王永珍","created_at":1623878316000},{"type":"王永珍","created_at":1623877803000},{"type":"王永珍","created_at":1623877048000},{"type":"王永珍","created_at":1623876855000},{"type":"王永珍","created_at":1623873916000},{"type":"王永珍","created_at":1623881733000},{"type":"王永珍","created_at":1623881720000},{"type":"王永珍","created_at":1623880537000},{"type":"王永珍","created_at":1623879445000},{"type":"王永珍","created_at":1623875807000},{"type":"王永珍","created_at":1623875732000},{"type":"王永珍","created_at":1623875307000},{"type":"王永珍","created_at":1623875267000},{"type":"王永珍","created_at":1623874491000},{"type":"王永珍","created_at":1623872423000},{"type":"王永珍","created_at":1623871898000},{"type":"王永珍","created_at":1623870270000},{"type":"王永珍","created_at":1623882589000},{"type":"王永珍","created_at":1623882274000},{"type":"王永珍","created_at":1623881264000},{"type":"王永珍","created_at":1623880858000},{"type":"王永珍","created_at":1623879529000},{"type":"王永珍","created_at":1623879281000},{"type":"王永珍","created_at":1623878940000},{"type":"王永珍","created_at":1623878828000},{"type":"王永珍","created_at":1623877152000},{"type":"王永珍","created_at":1623876225000},{"type":"王永珍","created_at":1623875874000},{"type":"王永珍","created_at":1623874517000},{"type":"王永珍","created_at":1623874302000},{"type":"王永珍","created_at":1623872297000},{"type":"王永珍","created_at":1623871291000},{"type":"王永珍","created_at":1623879501000},{"type":"王永珍","created_at":1623878119000},{"type":"王永珍","created_at":1623877527000},{"type":"王永珍","created_at":1623875626000},{"type":"王永珍","created_at":1623873501000},{"type":"王永珍","created_at":1623871790000},{"type":"王永珍","created_at":1623897404000},{"type":"王永珍","created_at":1623894914000},{"type":"王永珍","created_at":1623891059000},{"type":"王永珍","created_at":1623890524000},{"type":"王永珍","created_at":1623889221000},{"type":"王永珍","created_at":1623888293000},{"type":"王永珍","created_at":1623888261000},{"type":"王永珍","created_at":1623888146000},{"type":"王永珍","created_at":1623885290000},{"type":"王永珍","created_at":1623898664000},{"type":"王永珍","created_at":1623895318000},{"type":"王永珍","created_at":1623893337000},{"type":"王永珍","created_at":1623887864000},{"type":"王永珍","created_at":1623886780000},{"type":"王永珍","created_at":1623886072000},{"type":"王永珍","created_at":1623885560000},{"type":"王永珍","created_at":1623885108000},{"type":"王永珍","created_at":1623884683000},{"type":"王永珍","created_at":1623884292000},{"type":"王永珍","created_at":1623883979000},{"type":"王永珍","created_at":1623883186000},{"type":"王永珍","created_at":1623900215000},{"type":"王永珍","created_at":1623893298000},{"type":"王永珍","created_at":1623892014000},{"type":"王永珍","created_at":1623887505000},{"type":"王永珍","created_at":1623887182000},{"type":"王永珍","created_at":1623886776000},{"type":"王永珍","created_at":1623886050000},{"type":"王永珍","created_at":1623884958000},{"type":"王永珍","created_at":1623884524000},{"type":"王永珍","created_at":1623884402000},{"type":"王永珍","created_at":1623900474000},{"type":"王永珍","created_at":1623900303000},{"type":"王永珍","created_at":1623892583000},{"type":"王永珍","created_at":1623888644000},{"type":"王永珍","created_at":1623888624000},{"type":"王永珍","created_at":1623887418000},{"type":"王永珍","created_at":1623887222000},{"type":"王永珍","created_at":1623885577000},{"type":"王永珍","created_at":1623884772000},{"type":"王永珍","created_at":1623884586000},{"type":"王永珍","created_at":1623884051000},{"type":"王永珍","created_at":1623883111000},{"type":"王永珍","created_at":1623891848000},{"type":"王永珍","created_at":1623889248000},{"type":"王永珍","created_at":1623888651000},{"type":"王永珍","created_at":1623887771000},{"type":"王永珍","created_at":1623887066000},{"type":"王永珍","created_at":1623886744000},{"type":"王永珍","created_at":1623956770000},{"type":"王永珍","created_at":1623955793000},{"type":"王永珍","created_at":1623954930000},{"type":"王永珍","created_at":1623953631000},{"type":"王永珍","created_at":1623943627000},{"type":"王永珍","created_at":1623941396000},{"type":"王永珍","created_at":1623936240000},{"type":"王永珍","created_at":1623927368000},{"type":"王永珍","created_at":1623926005000},{"type":"王永珍","created_at":1623924174000},{"type":"王永珍","created_at":1623914924000},{"type":"王永珍","created_at":1623910805000},{"type":"王永珍","created_at":1623909554000},{"type":"王永珍","created_at":1623902657000},{"type":"王永珍","created_at":1623965265000},{"type":"王永珍","created_at":1623921772000},{"type":"王永珍","created_at":1623914028000},{"type":"王永珍","created_at":1623912814000},{"type":"王永珍","created_at":1623909637000},{"type":"王永珍","created_at":1623959419000},{"type":"王永珍","created_at":1623942936000},{"type":"王永珍","created_at":1623942378000},{"type":"王永珍","created_at":1623937234000},{"type":"王永珍","created_at":1623932776000},{"type":"王永珍","created_at":1623930271000},{"type":"王永珍","created_at":1623916906000},{"type":"王永珍","created_at":1623915269000},{"type":"王永珍","created_at":1623913597000},{"type":"王永珍","created_at":1623912506000},{"type":"王永珍","created_at":1623910230000},{"type":"王永珍","created_at":1623905631000},{"type":"王永珍","created_at":1623965195000},{"type":"王永珍","created_at":1623960840000},{"type":"王永珍","created_at":1623934771000},{"type":"王永珍","created_at":1623926938000},{"type":"王永珍","created_at":1623918480000},{"type":"王永珍","created_at":1623913373000},{"type":"王永珍","created_at":1623907702000},{"type":"王永珍","created_at":1623903496000},{"type":"王永珍","created_at":1623903026000},{"type":"王永珍","created_at":1623962644000},{"type":"王永珍","created_at":1623961547000},{"type":"王永珍","created_at":1623954960000},{"type":"王永珍","created_at":1623949068000},{"type":"王永珍","created_at":1623948979000},{"type":"王永珍","created_at":1623933710000},{"type":"王永珍","created_at":1623921662000},{"type":"王永珍","created_at":1623900590000},{"type":"王永珍","created_at":1624043795000},{"type":"王永珍","created_at":1624042595000},{"type":"王永珍","created_at":1624032672000},{"type":"王永珍","created_at":1624023245000},{"type":"王永珍","created_at":1624020713000},{"type":"王永珍","created_at":1624003454000},{"type":"王永珍","created_at":1623993462000},{"type":"王永珍","created_at":1623985334000},{"type":"王永珍","created_at":1624070751000},{"type":"王永珍","created_at":1624062177000},{"type":"王永珍","created_at":1624045799000},{"type":"王永珍","created_at":1624037996000},{"type":"王永珍","created_at":1624033981000},{"type":"王永珍","created_at":1624024843000},{"type":"王永珍","created_at":1624015058000},{"type":"王永珍","created_at":1624005632000},{"type":"王永珍","created_at":1623991872000},{"type":"王永珍","created_at":1623968896000},{"type":"王永珍","created_at":1623967105000},{"type":"王永珍","created_at":1624036390000},{"type":"王永珍","created_at":1624035870000},{"type":"王永珍","created_at":1624031353000},{"type":"王永珍","created_at":1624005684000},{"type":"王永珍","created_at":1624001453000},{"type":"王永珍","created_at":1623978712000},{"type":"王永珍","created_at":1623972947000},{"type":"王永珍","created_at":1623968290000},{"type":"王永珍","created_at":1623965357000},{"type":"王永珍","created_at":1624031344000},{"type":"王永珍","created_at":1624023938000},{"type":"王永珍","created_at":1624023426000},{"type":"王永珍","created_at":1624003531000},{"type":"王永珍","created_at":1624061173000},{"type":"王永珍","created_at":1624060447000},{"type":"王永珍","created_at":1624030703000},{"type":"王永珍","created_at":1624018683000},{"type":"王永珍","created_at":1623990699000},{"type":"王永珍","created_at":1624094426000},{"type":"王永珍","created_at":1624090243000},{"type":"王永珍","created_at":1624089488000},{"type":"王永珍","created_at":1624089266000},{"type":"王永珍","created_at":1624099041000},{"type":"王永珍","created_at":1624098605000},{"type":"王永珍","created_at":1624098320000},{"type":"王永珍","created_at":1624092735000},{"type":"王永珍","created_at":1624092713000},{"type":"王永珍","created_at":1624092035000},{"type":"王永珍","created_at":1624090180000},{"type":"王永珍","created_at":1624089845000},{"type":"王永珍","created_at":1624099450000},{"type":"王永珍","created_at":1624096845000},{"type":"王永珍","created_at":1624095557000},{"type":"王永珍","created_at":1624095002000},{"type":"王永珍","created_at":1624089669000},{"type":"王永珍","created_at":1624089319000},{"type":"王永珍","created_at":1624098955000},{"type":"王永珍","created_at":1624093660000},{"type":"王永珍","created_at":1624093161000},{"type":"王永珍","created_at":1624092994000},{"type":"王永珍","created_at":1624091784000},{"type":"王永珍","created_at":1624090840000},{"type":"王永珍","created_at":1624090305000},{"type":"王永珍","created_at":1624097596000},{"type":"王永珍","created_at":1624097213000},{"type":"王永珍","created_at":1624096662000},{"type":"王永珍","created_at":1624094762000},{"type":"王永珍","created_at":1624091036000},{"type":"王永珍","created_at":1623415628000},{"type":"王永珍","created_at":1623382348000},{"type":"王永珍","created_at":1623395338000},{"type":"王永珍","created_at":1623406103000},{"type":"王永珍","created_at":1623402884000},{"type":"王永珍","created_at":1623422569000},{"type":"王永珍","created_at":1623413829000},{"type":"王永珍","created_at":1623433743000},{"type":"王永珍","created_at":1623432686000},{"type":"王永珍","created_at":1623432578000},{"type":"王永珍","created_at":1623438392000},{"type":"王永珍","created_at":1623440419000},{"type":"王永珍","created_at":1623438370000},{"type":"王永珍","created_at":1623438335000},{"type":"王永珍","created_at":1623438133000},{"type":"王永珍","created_at":1623458026000},{"type":"王永珍","created_at":1623447463000},{"type":"王永珍","created_at":1623450435000},{"type":"王永珍","created_at":1623450079000},{"type":"王永珍","created_at":1623442186000},{"type":"王永珍","created_at":1623442070000},{"type":"王永珍","created_at":1623455800000},{"type":"王永珍","created_at":1623462275000},{"type":"王永珍","created_at":1623461910000},{"type":"王永珍","created_at":1623588868000},{"type":"王永珍","created_at":1623623879000},{"type":"王永珍","created_at":1623445043000},{"type":"王永珍","created_at":1623379376000},{"type":"王永珍","created_at":1623394069000},{"type":"王永珍","created_at":1623387850000},{"type":"王永珍","created_at":1623389743000},{"type":"王永珍","created_at":1623389401000},{"type":"王永珍","created_at":1623381707000},{"type":"王永珍","created_at":1623380663000},{"type":"王永珍","created_at":1623419682000},{"type":"王永珍","created_at":1623415007000},{"type":"王永珍","created_at":1623410329000},{"type":"王永珍","created_at":1623446871000},{"type":"王永珍","created_at":1623446844000},{"type":"王永珍","created_at":1623424447000},{"type":"王永珍","created_at":1623421194000},{"type":"王永珍","created_at":1623395059000},{"type":"王永珍","created_at":1623424278000},{"type":"王永珍","created_at":1623406218000},{"type":"王永珍","created_at":1623405232000},{"type":"王永珍","created_at":1623433725000},{"type":"王永珍","created_at":1623423175000},{"type":"王永珍","created_at":1623407220000},{"type":"王永珍","created_at":1623397283000},{"type":"王永珍","created_at":1623395127000},{"type":"王永珍","created_at":1623446175000},{"type":"王永珍","created_at":1623442975000},{"type":"王永珍","created_at":1623426868000},{"type":"王永珍","created_at":1623424373000},{"type":"王永珍","created_at":1623424136000},{"type":"王永珍","created_at":1623415687000},{"type":"王永珍","created_at":1623402425000},{"type":"王永珍","created_at":1623451623000},{"type":"王永珍","created_at":1623456014000},{"type":"王永珍","created_at":1623459656000},{"type":"王永珍","created_at":1624030369000},{"type":"王永珍","created_at":1623955726000},{"type":"王永珍","created_at":1623884979000},{"type":"王永珍","created_at":1623883725000},{"type":"王永珍","created_at":1623869190000},{"type":"王永珍","created_at":1623863581000},{"type":"王永珍","created_at":1623853518000},{"type":"王永珍","created_at":1623849444000},{"type":"王永珍","created_at":1623841230000},{"type":"王永珍","created_at":1623840960000},{"type":"王永珍","created_at":1623831121000},{"type":"王永珍","created_at":1623824954000},{"type":"王永珍","created_at":1623819364000},{"type":"王永珍","created_at":1623813050000},{"type":"王永珍","created_at":1623782739000},{"type":"王永珍","created_at":1623780998000},{"type":"王永珍","created_at":1623783275000},{"type":"王永珍","created_at":1623783043000},{"type":"王永珍","created_at":1623780363000},{"type":"王永珍","created_at":1623775788000},{"type":"王永珍","created_at":1623775971000},{"type":"王永珍","created_at":1623774742000},{"type":"王永珍","created_at":1623772868000},{"type":"王永珍","created_at":1623770612000},{"type":"王永珍","created_at":1623769989000},{"type":"王永珍","created_at":1623769488000},{"type":"王永珍","created_at":1623771822000},{"type":"王永珍","created_at":1623766410000},{"type":"王永珍","created_at":1623763868000},{"type":"王永珍","created_at":1623761603000},{"type":"王永珍","created_at":1623762492000},{"type":"王永珍","created_at":1623758774000},{"type":"王永珍","created_at":1623758726000},{"type":"王永珍","created_at":1623754016000},{"type":"王永珍","created_at":1623757469000},{"type":"王永珍","created_at":1623757386000},{"type":"王永珍","created_at":1623756181000},{"type":"王永珍","created_at":1623757589000},{"type":"王永珍","created_at":1623746164000},{"type":"王永珍","created_at":1623746120000},{"type":"王永珍","created_at":1623747776000},{"type":"王永珍","created_at":1623746520000},{"type":"王永珍","created_at":1623745090000},{"type":"王永珍","created_at":1623745507000},{"type":"王永珍","created_at":1623745006000},{"type":"王永珍","created_at":1623744194000},{"type":"王永珍","created_at":1623746703000},{"type":"王永珍","created_at":1623741408000},{"type":"王永珍","created_at":1623740811000},{"type":"王永珍","created_at":1623744012000},{"type":"王永珍","created_at":1623741671000},{"type":"王永珍","created_at":1623741248000},{"type":"王永珍","created_at":1623741303000},{"type":"王永珍","created_at":1623740806000},{"type":"王永珍","created_at":1623743108000},{"type":"王永珍","created_at":1623740547000},{"type":"王永珍","created_at":1623565815000},{"type":"王永珍","created_at":1623528270000},{"type":"王永珍","created_at":1623516305000},{"type":"王永珍","created_at":1623508887000},{"type":"王永珍","created_at":1623497884000},{"type":"王永珍","created_at":1623492020000},{"type":"王永珍","created_at":1623492151000},{"type":"王永珍","created_at":1623453190000},{"type":"王永珍","created_at":1623443275000},{"type":"王永珍","created_at":1623376871000},{"type":"王永珍","created_at":1623378158000},{"type":"王永珍","created_at":1623377881000},{"type":"姜文华","created_at":1623546847000},{"type":"姜文华","created_at":1624085089000},{"type":"姜文华","created_at":1624008219000},{"type":"姜文华","created_at":1624049930000},{"type":"姜文华","created_at":1624020300000},{"type":"姜文华","created_at":1624012220000},{"type":"姜文华","created_at":1624006705000},{"type":"姜文华","created_at":1624049097000},{"type":"姜文华","created_at":1624021645000},{"type":"姜文华","created_at":1624015110000},{"type":"姜文华","created_at":1623862112000},{"type":"姜文华","created_at":1623919863000},{"type":"姜文华","created_at":1623831881000},{"type":"姜文华","created_at":1623757982000},{"type":"姜文华","created_at":1623796220000},{"type":"姜文华","created_at":1623740078000},{"type":"姜文华","created_at":1624136396000},{"type":"姜文华","created_at":1624116092000},{"type":"姜文华","created_at":1624106074000},{"type":"姜文华","created_at":1624130678000},{"type":"姜文华","created_at":1623540286000},{"type":"姜文华","created_at":1623483411000},{"type":"姜文华","created_at":1623513746000},{"type":"姜文华","created_at":1623457766000},{"type":"姜文华","created_at":1624122656000},{"type":"姜文华","created_at":1624122656000},{"type":"姜文华","created_at":1624124936000},{"type":"姜文华","created_at":1624122698000},{"type":"姜文华","created_at":1624122634000},{"type":"姜文华","created_at":1624010013000},{"type":"姜文华","created_at":1623792722000},{"type":"姜文华","created_at":1624131671000},{"type":"姜文华","created_at":1624131420000},{"type":"姜文华","created_at":1623674827000},{"type":"姜文华","created_at":1624129492000},{"type":"姜文华","created_at":1624113015000},{"type":"姜文华","created_at":1623534779000},{"type":"姜文华","created_at":1624064600000},{"type":"姜文华","created_at":1623518954000},{"type":"姜文华","created_at":1623517069000},{"type":"姜文华","created_at":1623510000000},{"type":"姜文华","created_at":1623509993000},{"type":"姜文华","created_at":1623572276000},{"type":"姜文华","created_at":1623627295000},{"type":"姜文华","created_at":1623586224000},{"type":"姜文华","created_at":1623610413000},{"type":"姜文华","created_at":1623700002000},{"type":"姜文华","created_at":1623697636000},{"type":"姜文华","created_at":1623696840000},{"type":"姜文华","created_at":1623696202000},{"type":"姜文华","created_at":1623694142000},{"type":"姜文华","created_at":1623693093000},{"type":"姜文华","created_at":1623692485000},{"type":"姜文华","created_at":1623686445000},{"type":"姜文华","created_at":1623652635000},{"type":"姜文华","created_at":1623628225000},{"type":"姜文华","created_at":1623697570000},{"type":"姜文华","created_at":1623696283000},{"type":"姜文华","created_at":1623693022000},{"type":"姜文华","created_at":1623686899000},{"type":"姜文华","created_at":1623676743000},{"type":"姜文华","created_at":1623629733000},{"type":"姜文华","created_at":1623696929000},{"type":"姜文华","created_at":1623693780000},{"type":"姜文华","created_at":1623693140000},{"type":"姜文华","created_at":1623692360000},{"type":"姜文华","created_at":1623685311000},{"type":"姜文华","created_at":1623696933000},{"type":"姜文华","created_at":1623693468000},{"type":"姜文华","created_at":1623692780000},{"type":"姜文华","created_at":1623633610000},{"type":"姜文华","created_at":1623628723000},{"type":"姜文华","created_at":1623692654000},{"type":"姜文华","created_at":1623636691000},{"type":"姜文华","created_at":1623734849000},{"type":"姜文华","created_at":1623719862000},{"type":"姜文华","created_at":1623711798000},{"type":"姜文华","created_at":1623752034000},{"type":"姜文华","created_at":1623747502000},{"type":"姜文华","created_at":1623729321000},{"type":"姜文华","created_at":1623726471000},{"type":"姜文华","created_at":1623723442000},{"type":"姜文华","created_at":1623719541000},{"type":"姜文华","created_at":1623752445000},{"type":"姜文华","created_at":1623741069000},{"type":"姜文华","created_at":1623739467000},{"type":"姜文华","created_at":1623715184000},{"type":"姜文华","created_at":1623714946000},{"type":"姜文华","created_at":1623703533000},{"type":"姜文华","created_at":1623703140000},{"type":"姜文华","created_at":1623702797000},{"type":"姜文华","created_at":1623754609000},{"type":"姜文华","created_at":1623752200000},{"type":"姜文华","created_at":1623752138000},{"type":"姜文华","created_at":1623751228000},{"type":"姜文华","created_at":1623742247000},{"type":"姜文华","created_at":1623704351000},{"type":"姜文华","created_at":1623702626000},{"type":"姜文华","created_at":1623732474000},{"type":"姜文华","created_at":1623721290000},{"type":"姜文华","created_at":1623716825000},{"type":"姜文华","created_at":1623710306000},{"type":"姜文华","created_at":1623710275000},{"type":"姜文华","created_at":1623755160000},{"type":"姜文华","created_at":1623752662000},{"type":"姜文华","created_at":1623752028000},{"type":"姜文华","created_at":1623765698000},{"type":"姜文华","created_at":1623770354000},{"type":"姜文华","created_at":1623765333000},{"type":"姜文华","created_at":1623759858000},{"type":"姜文华","created_at":1623756901000},{"type":"姜文华","created_at":1623796533000},{"type":"姜文华","created_at":1623757605000},{"type":"姜文华","created_at":1623803726000},{"type":"姜文华","created_at":1623799646000},{"type":"姜文华","created_at":1623803316000},{"type":"姜文华","created_at":1623812908000},{"type":"姜文华","created_at":1623812181000},{"type":"姜文华","created_at":1623818753000},{"type":"姜文华","created_at":1623816959000},{"type":"姜文华","created_at":1623816933000},{"type":"姜文华","created_at":1623829350000},{"type":"姜文华","created_at":1623829316000},{"type":"姜文华","created_at":1623829200000},{"type":"姜文华","created_at":1623830560000},{"type":"姜文华","created_at":1623830469000},{"type":"姜文华","created_at":1623830235000},{"type":"姜文华","created_at":1623830381000},{"type":"姜文华","created_at":1623830515000},{"type":"姜文华","created_at":1623834169000},{"type":"姜文华","created_at":1623833687000},{"type":"姜文华","created_at":1623831404000},{"type":"姜文华","created_at":1623831184000},{"type":"姜文华","created_at":1623830938000},{"type":"姜文华","created_at":1623830630000},{"type":"姜文华","created_at":1623833328000},{"type":"姜文华","created_at":1623831847000},{"type":"姜文华","created_at":1623831718000},{"type":"姜文华","created_at":1623831286000},{"type":"姜文华","created_at":1623834349000},{"type":"姜文华","created_at":1623832374000},{"type":"姜文华","created_at":1623833539000},{"type":"姜文华","created_at":1623833471000},{"type":"姜文华","created_at":1623833430000},{"type":"姜文华","created_at":1623832754000},{"type":"姜文华","created_at":1623831436000},{"type":"姜文华","created_at":1623834040000},{"type":"姜文华","created_at":1623832755000},{"type":"姜文华","created_at":1623830689000},{"type":"姜文华","created_at":1623835629000},{"type":"姜文华","created_at":1623835199000},{"type":"姜文华","created_at":1623839118000},{"type":"姜文华","created_at":1623837661000},{"type":"姜文华","created_at":1623836688000},{"type":"姜文华","created_at":1623835487000},{"type":"姜文华","created_at":1623840356000},{"type":"姜文华","created_at":1623837452000},{"type":"姜文华","created_at":1623836115000},{"type":"姜文华","created_at":1623835740000},{"type":"姜文华","created_at":1623844329000},{"type":"姜文华","created_at":1623843520000},{"type":"姜文华","created_at":1623843311000},{"type":"姜文华","created_at":1623847737000},{"type":"姜文华","created_at":1623844273000},{"type":"姜文华","created_at":1623844105000},{"type":"姜文华","created_at":1623843859000},{"type":"姜文华","created_at":1623843306000},{"type":"姜文华","created_at":1623846949000},{"type":"姜文华","created_at":1623843641000},{"type":"姜文华","created_at":1623842736000},{"type":"姜文华","created_at":1623842068000},{"type":"姜文华","created_at":1623841634000},{"type":"姜文华","created_at":1623845414000},{"type":"姜文华","created_at":1623849582000},{"type":"姜文华","created_at":1623850608000},{"type":"姜文华","created_at":1623853636000},{"type":"姜文华","created_at":1623849603000},{"type":"姜文华","created_at":1623855855000},{"type":"姜文华","created_at":1623850711000},{"type":"姜文华","created_at":1623854802000},{"type":"姜文华","created_at":1623849229000},{"type":"姜文华","created_at":1623862298000},{"type":"姜文华","created_at":1623856556000},{"type":"姜文华","created_at":1623863856000},{"type":"姜文华","created_at":1623858995000},{"type":"姜文华","created_at":1623858887000},{"type":"姜文华","created_at":1623868184000},{"type":"姜文华","created_at":1623860219000},{"type":"姜文华","created_at":1623863942000},{"type":"姜文华","created_at":1623878316000},{"type":"姜文华","created_at":1623877803000},{"type":"姜文华","created_at":1623881720000},{"type":"姜文华","created_at":1623875307000},{"type":"姜文华","created_at":1623881264000},{"type":"姜文华","created_at":1623878940000},{"type":"姜文华","created_at":1623877152000},{"type":"姜文华","created_at":1623875874000},{"type":"姜文华","created_at":1623897404000},{"type":"姜文华","created_at":1623883186000},{"type":"姜文华","created_at":1623884772000},{"type":"姜文华","created_at":1623926005000},{"type":"姜文华","created_at":1623914924000},{"type":"姜文华","created_at":1623910805000},{"type":"姜文华","created_at":1623965265000},{"type":"姜文华","created_at":1623909637000},{"type":"姜文华","created_at":1623903496000},{"type":"姜文华","created_at":1623961547000},{"type":"姜文华","created_at":1624043795000},{"type":"姜文华","created_at":1624032672000},{"type":"姜文华","created_at":1624023245000},{"type":"姜文华","created_at":1624020713000},{"type":"姜文华","created_at":1624003454000},{"type":"姜文华","created_at":1623993462000},{"type":"姜文华","created_at":1624070751000},{"type":"姜文华","created_at":1624062177000},{"type":"姜文华","created_at":1624045799000},{"type":"姜文华","created_at":1624037996000},{"type":"姜文华","created_at":1624033981000},{"type":"姜文华","created_at":1624024843000},{"type":"姜文华","created_at":1624015058000},{"type":"姜文华","created_at":1623991872000},{"type":"姜文华","created_at":1623968896000},{"type":"姜文华","created_at":1624035870000},{"type":"姜文华","created_at":1624031353000},{"type":"姜文华","created_at":1623968290000},{"type":"姜文华","created_at":1623965357000},{"type":"姜文华","created_at":1624031344000},{"type":"姜文华","created_at":1624023938000},{"type":"姜文华","created_at":1624023426000},{"type":"姜文华","created_at":1624003531000},{"type":"姜文华","created_at":1624061173000},{"type":"姜文华","created_at":1624060447000},{"type":"姜文华","created_at":1623990699000},{"type":"姜文华","created_at":1624096662000},{"type":"姜文华","created_at":1623447294000},{"type":"姜文华","created_at":1623447291000},{"type":"姜文华","created_at":1623452512000},{"type":"姜文华","created_at":1623447281000},{"type":"姜文华","created_at":1623458199000},{"type":"姜文华","created_at":1623456488000},{"type":"姜文华","created_at":1623454863000},{"type":"姜文华","created_at":1623490525000},{"type":"姜文华","created_at":1623490473000},{"type":"姜文华","created_at":1623697481000},{"type":"姜文华","created_at":1623703835000},{"type":"姜文华","created_at":1623379591000},{"type":"姜文华","created_at":1623385815000},{"type":"姜文华","created_at":1623394111000},{"type":"姜文华","created_at":1623395338000},{"type":"姜文华","created_at":1623407468000},{"type":"姜文华","created_at":1623402036000},{"type":"姜文华","created_at":1623416129000},{"type":"姜文华","created_at":1623414396000},{"type":"姜文华","created_at":1623412591000},{"type":"姜文华","created_at":1623411814000},{"type":"姜文华","created_at":1623420399000},{"type":"姜文华","created_at":1623418526000},{"type":"姜文华","created_at":1623417553000},{"type":"姜文华","created_at":1623417098000},{"type":"姜文华","created_at":1623416883000},{"type":"姜文华","created_at":1623413829000},{"type":"姜文华","created_at":1623421238000},{"type":"姜文华","created_at":1623419518000},{"type":"姜文华","created_at":1623417566000},{"type":"姜文华","created_at":1623416438000},{"type":"姜文华","created_at":1623419498000},{"type":"姜文华","created_at":1623433200000},{"type":"姜文华","created_at":1623423542000},{"type":"姜文华","created_at":1623443576000},{"type":"姜文华","created_at":1623442070000},{"type":"姜文华","created_at":1623461910000},{"type":"姜文华","created_at":1623464560000},{"type":"姜文华","created_at":1623511047000},{"type":"姜文华","created_at":1623535208000},{"type":"姜文华","created_at":1623535175000},{"type":"姜文华","created_at":1623534966000},{"type":"姜文华","created_at":1623531088000},{"type":"姜文华","created_at":1623546851000},{"type":"姜文华","created_at":1623541665000},{"type":"姜文华","created_at":1623536751000},{"type":"姜文华","created_at":1623535532000},{"type":"姜文华","created_at":1623542631000},{"type":"姜文华","created_at":1623537840000},{"type":"姜文华","created_at":1623536721000},{"type":"姜文华","created_at":1623535253000},{"type":"姜文华","created_at":1623547690000},{"type":"姜文华","created_at":1623544178000},{"type":"姜文华","created_at":1623538885000},{"type":"姜文华","created_at":1623542933000},{"type":"姜文华","created_at":1623539676000},{"type":"姜文华","created_at":1623535496000},{"type":"姜文华","created_at":1623554458000},{"type":"姜文华","created_at":1623550134000},{"type":"姜文华","created_at":1623569932000},{"type":"姜文华","created_at":1623587473000},{"type":"姜文华","created_at":1623611891000},{"type":"姜文华","created_at":1623635590000},{"type":"姜文华","created_at":1623686363000},{"type":"姜文华","created_at":1623686891000},{"type":"姜文华","created_at":1623691188000},{"type":"姜文华","created_at":1623687935000},{"type":"姜文华","created_at":1623697528000},{"type":"姜文华","created_at":1623699352000},{"type":"姜文华","created_at":1623724188000},{"type":"姜文华","created_at":1623713911000},{"type":"姜文华","created_at":1623718809000},{"type":"姜文华","created_at":1623750928000},{"type":"姜文华","created_at":1623379376000},{"type":"姜文华","created_at":1623415007000},{"type":"姜文华","created_at":1623446871000},{"type":"姜文华","created_at":1623433725000},{"type":"姜文华","created_at":1623446175000},{"type":"姜文华","created_at":1624002943000},{"type":"姜文华","created_at":1623976270000},{"type":"姜文华","created_at":1623968907000},{"type":"姜文华","created_at":1623962915000},{"type":"姜文华","created_at":1623962749000},{"type":"姜文华","created_at":1623931512000},{"type":"姜文华","created_at":1623896183000},{"type":"姜文华","created_at":1623889747000},{"type":"姜文华","created_at":1623888729000},{"type":"姜文华","created_at":1623886668000},{"type":"姜文华","created_at":1623883725000},{"type":"姜文华","created_at":1623877273000},{"type":"姜文华","created_at":1623871314000},{"type":"姜文华","created_at":1623874636000},{"type":"姜文华","created_at":1623874517000},{"type":"姜文华","created_at":1623863581000},{"type":"姜文华","created_at":1623862864000},{"type":"姜文华","created_at":1623858150000},{"type":"姜文华","created_at":1623856749000},{"type":"姜文华","created_at":1623853518000},{"type":"姜文华","created_at":1623853946000},{"type":"姜文华","created_at":1623848795000},{"type":"姜文华","created_at":1623849444000},{"type":"姜文华","created_at":1623848754000},{"type":"姜文华","created_at":1623848559000},{"type":"姜文华","created_at":1623844486000},{"type":"姜文华","created_at":1623841655000},{"type":"姜文华","created_at":1623840952000},{"type":"姜文华","created_at":1623841316000},{"type":"姜文华","created_at":1623836890000},{"type":"姜文华","created_at":1623835274000},{"type":"姜文华","created_at":1623833801000},{"type":"姜文华","created_at":1623833761000},{"type":"姜文华","created_at":1623834714000},{"type":"姜文华","created_at":1623834647000},{"type":"姜文华","created_at":1623833697000},{"type":"姜文华","created_at":1623833776000},{"type":"姜文华","created_at":1623830803000},{"type":"姜文华","created_at":1623831121000},{"type":"姜文华","created_at":1623831229000},{"type":"姜文华","created_at":1623830952000},{"type":"姜文华","created_at":1623828182000},{"type":"姜文华","created_at":1623825979000},{"type":"姜文华","created_at":1623828018000},{"type":"姜文华","created_at":1623826200000},{"type":"姜文华","created_at":1623826860000},{"type":"姜文华","created_at":1623824179000},{"type":"姜文华","created_at":1623823668000},{"type":"姜文华","created_at":1623822431000},{"type":"姜文华","created_at":1623823359000},{"type":"姜文华","created_at":1623822340000},{"type":"姜文华","created_at":1623819138000},{"type":"姜文华","created_at":1623819401000},{"type":"姜文华","created_at":1623819364000},{"type":"姜文华","created_at":1623819579000},{"type":"姜文华","created_at":1623819998000},{"type":"姜文华","created_at":1623814764000},{"type":"姜文华","created_at":1623814962000},{"type":"姜文华","created_at":1623816898000},{"type":"姜文华","created_at":1623816891000},{"type":"姜文华","created_at":1623813050000},{"type":"姜文华","created_at":1623811666000},{"type":"姜文华","created_at":1623811191000},{"type":"姜文华","created_at":1623812593000},{"type":"姜文华","created_at":1623808849000},{"type":"姜文华","created_at":1623809705000},{"type":"姜文华","created_at":1623808296000},{"type":"姜文华","created_at":1623808274000},{"type":"姜文华","created_at":1623809508000},{"type":"姜文华","created_at":1623806142000},{"type":"姜文华","created_at":1623805727000},{"type":"姜文华","created_at":1623805198000},{"type":"姜文华","created_at":1623802218000},{"type":"姜文华","created_at":1623802211000},{"type":"姜文华","created_at":1623802527000},{"type":"姜文华","created_at":1623799078000},{"type":"姜文华","created_at":1623799176000},{"type":"姜文华","created_at":1623799199000},{"type":"姜文华","created_at":1623799298000},{"type":"姜文华","created_at":1623784979000},{"type":"姜文华","created_at":1623782739000},{"type":"姜文华","created_at":1623782681000},{"type":"姜文华","created_at":1623780998000},{"type":"姜文华","created_at":1623786949000},{"type":"姜文华","created_at":1623783275000},{"type":"姜文华","created_at":1623783043000},{"type":"姜文华","created_at":1623787121000},{"type":"姜文华","created_at":1623780363000},{"type":"姜文华","created_at":1623775788000},{"type":"姜文华","created_at":1623775971000},{"type":"姜文华","created_at":1623774742000},{"type":"姜文华","created_at":1623772868000},{"type":"姜文华","created_at":1623770612000},{"type":"姜文华","created_at":1623769989000},{"type":"姜文华","created_at":1623769488000},{"type":"姜文华","created_at":1623771822000},{"type":"姜文华","created_at":1623766410000},{"type":"姜文华","created_at":1623763868000},{"type":"姜文华","created_at":1623762729000},{"type":"姜文华","created_at":1623761603000},{"type":"姜文华","created_at":1623761329000},{"type":"姜文华","created_at":1623762492000},{"type":"姜文华","created_at":1623759851000},{"type":"姜文华","created_at":1623758774000},{"type":"姜文华","created_at":1623758726000},{"type":"姜文华","created_at":1623755775000},{"type":"姜文华","created_at":1623755726000},{"type":"姜文华","created_at":1623754016000},{"type":"姜文华","created_at":1623757469000},{"type":"姜文华","created_at":1623757386000},{"type":"姜文华","created_at":1623756181000},{"type":"姜文华","created_at":1623755689000},{"type":"姜文华","created_at":1623757589000},{"type":"姜文华","created_at":1623746164000},{"type":"姜文华","created_at":1623746120000},{"type":"姜文华","created_at":1623747776000},{"type":"姜文华","created_at":1623746520000},{"type":"姜文华","created_at":1623745090000},{"type":"姜文华","created_at":1623745507000},{"type":"姜文华","created_at":1623745006000},{"type":"姜文华","created_at":1623744194000},{"type":"姜文华","created_at":1623748243000},{"type":"姜文华","created_at":1623746703000},{"type":"姜文华","created_at":1623746449000},{"type":"姜文华","created_at":1623741408000},{"type":"姜文华","created_at":1623740811000},{"type":"姜文华","created_at":1623744012000},{"type":"姜文华","created_at":1623741671000},{"type":"姜文华","created_at":1623741248000},{"type":"姜文华","created_at":1623741303000},{"type":"姜文华","created_at":1623740806000},{"type":"姜文华","created_at":1623743108000},{"type":"姜文华","created_at":1623740547000},{"type":"姜文华","created_at":1623565815000},{"type":"姜文华","created_at":1623528270000},{"type":"姜文华","created_at":1623530936000},{"type":"姜文华","created_at":1623510123000},{"type":"姜文华","created_at":1623443275000},{"type":"姜文华","created_at":1623417641000},{"type":"姜文华","created_at":1623406694000}]
