[{"id":"1403174706719518723","created_at":1623406694000,"tweet":"刺杀书记的复旦大学海龟博士姜文华选择回国是致命错误 https:\/\/t.co\/SB1gR6SdbF","name":"爱德华","retweets_count":700},{"id":"1403175395202043907","created_at":1623406858000,"tweet":"复旦杀人事件，看到不少讲凶手的经历，学校矛盾，进而到考评体系，学术腐败等等。这些我都不说了，只是突然想起其他杀人案里，评论都是不想听后面的故事，不想知道理由，别给他洗白，赶紧杀了。","name":"mio0622","retweets_count":401},{"id":"1403218343629262851","created_at":1623417098000,"tweet":"6月7日14时，上海杨浦区邯郸路，复旦大学发生持刀伤人事件！造成一人当场死亡，14楼现场全是血，凶手和被害人都是复旦教师，（嫌疑人：男，39岁，姜文华，苏州大学副教授。2004年复旦大学数学与应用数学学士。被害人：男，49岁！系复… https:\/\/t.co\/sbcTlBAL3H","name":"上山和樹","retweets_count":1287},{"id":"1403239347793534978","created_at":1623422106000,"tweet":"复旦和北大的数学系一样有名，一个高材生，又在美国拿到博士，肯定有两把刷子。可是系党委书记盗走他的成果，然后说他不合格，愤而不平才杀人。我们要追究的是那个吃人的制度，复旦这些年培育出了多少妖孽，大家有目共睹。可是程益中办的洛杉矶资讯网颠倒黑白，大谈什么美国的淘汰制，真的瞎了眼。","name":"lcw2829","retweets_count":393},{"id":"1403241291878526979","created_at":1623422569000,"tweet":"被刺杀的是复旦大学数学学院的党委书记王永珍。这个王书记曾经为了维稳数学系一起多名学生参与的群殴案，强行把一名叫做任奕怡的女学生送去精神医院，结果导致这位女大学生跳楼自杀。任的父母长期因为女儿的自杀案欲与学院讨说法，结果都得不到王书… https:\/\/t.co\/qBf6H6Ic2A","name":"jiangty02","retweets_count":729},{"id":"1403504439663734784","created_at":1623485308000,"tweet":"复旦的院长被杀案让我想起两个案子：一是北大教授环境法专家程正康，我上过他的课，据说他被杀是因为羞辱女性，被辱者忍无可忍。细节不清楚。另一个是中国政法大学行政法教授、我的同事程春明，因“潜规则”了自己的研究生，被研究生的男友在课堂上… https:\/\/t.co\/LTZU3BzlQ4","name":"s","retweets_count":483},{"id":"1403695768511320066","created_at":1623530925000,"tweet":"复旦那位杀人的老师因为考核不及格，无法续聘于是杀人。很多人说这个制度不人道，要我说这个制度必须搞，全世界大学都是如此，在升终身职之前如果考核无法通过就走人。中国大学混日子没能力的太多了，必须砸烂铁饭碗，才能优胜劣汰。没必要因为发生一起凶案而否定改革本身。","name":"吴克俭","retweets_count":604},{"id":"1403765332020543497","created_at":1623547510000,"tweet":"大学里的书记是干啥的？是领导科研的吗？当然不是，他们是党安插在大学的监军，正事不干，却掌握着资源分配的权力，任人唯亲，徇私舞弊，打压异己，那是他们的本职工作！\n\n不过，这些人日子越发不好过了，想想去年被气得自杀的成都大学书记毛洪涛… https:\/\/t.co\/dU53TMoQ7L","name":"SCV","retweets_count":606},{"id":"1403860798070398977","created_at":1623570271000,"tweet":"🔥張維為當年在薄熙來唱紅打黑時, 說要講好重慶故事, 薄熙來一倒, 張維為居然華麗轉身, 幫助習近平“講好中國故事”, 這樣的牆頭草居然成為所謂”國師“,把持高等學府...🤷‍♂️复旦大学怎麼了？数学院书记“躺平”了；野鸡教授當“… https:\/\/t.co\/azeSEwKvhW","name":"wenruchun","retweets_count":352},{"id":"1403925880770945024","created_at":1623585788000,"tweet":"【张维为向政治局委员讲解大外宣政策】\n【政见与国际观与习近平高度一致】\n习近平在5月31日政治局会议上发动新一轮大外宣。\n新华社报道，复旦大学张维为向政治局委员讲解，提出工作建议。\n张维为曾这样形容美中关系 :  “好在我们中国领… https:\/\/t.co\/Tk9MuNOAUf","name":"drmikejhma","retweets_count":596},{"id":"1404091664054951949","created_at":1623625314000,"tweet":"世界大学最新排名，清华、北大超过哥伦比亚、普林斯顿，复旦大学超过伯克利、UCLA，浙江大学超过UCSD，上海交大超过杜克大学，这是已经建成一批世界超一流大学了？ https:\/\/t.co\/kEQmlNKRfj","name":"Liz","retweets_count":337},{"id":"1404097001457958916","created_at":1623626586000,"tweet":"复旦东主楼发生命案：数学学院分党委书记王永珍被本院一老师割喉……人已经没了……名牌大学教师也被逼得不想活了。为6年“非升即走”，即6年内不能从讲师升为副教授即走人。 https:\/\/t.co\/uO7Ebs8rO1","name":"Kelly","retweets_count":677},{"id":"1404473058920894480","created_at":1623716245000,"tweet":"北京天使 上海之旅 复旦大学 全裸 校园 阶梯  教室 极限 #露出 #精品 #户外 https:\/\/t.co\/1Z2TkDsLl0","name":"jiangdayu","retweets_count":1350},{"id":"1404573021826949121","created_at":1623740078000,"tweet":"大学行政人员是永久职位, 教研老师却是聘任制。党员干部就是大爷，不服就搞死你, “#黑社会 流氓腔调“#姜文华 的 #复旦 校友陆绮：“我不认为 #王永珍 是什么烈士，他类似于一个中国 #党文化 的牺牲品，他的死轻于鸿毛...姜… https:\/\/t.co\/OJhWXoaZZF","name":"自由亚洲电台","retweets_count":633},{"id":"1404668595569790978","created_at":1623762865000,"tweet":"张五常借复旦数学学院杀人事件又在吹嘘自己是“经济学天才”。他怎么不吹吹自己因偷税漏税卖假古董诈骗共13项罪被美国联邦调查局通缉，从此只能定居中国吹牛皮？ https:\/\/t.co\/wNV7ZHvZS2","name":"方舟子","retweets_count":373},{"id":"1404723904006922243","created_at":1623776051000,"tweet":"很喜欢复旦大学中国研究院院长张维为说的一句话：『中国🇨🇳和上海的治安肯定是全世界最好，有时候都不想加之一』\n\n#中国为什么这么安全 https:\/\/t.co\/gNpom64wNo","name":"Peien","retweets_count":332},{"id":"1404808495296286735","created_at":1623796220000,"tweet":"复旦大学是副部级单位，校长、党委书记是副部长级别，学院的党委书记应是副厅长（司长）级别，也是属于高干了。一个副厅长（司长）级官员死了，还要为其家人向社会发起募捐，极为罕见！没想到的是，募捐信后面的评论竟然都是问如何给姜文华捐款。 https:\/\/t.co\/h40qt55z4x","name":"刘晓原","retweets_count":444},{"id":"1404858047747575809","created_at":1623808034000,"tweet":"欢迎上海新会员\n复旦大学新生\n哈哈帅气可爱的北鼻\n喜欢接吻互撸\n小宝贝技术不错👍\n静安希尔顿酒店教练又更新\n高级会员年费12888\n“”私信咨询会员价”\n帅——新视频已发送。\n会员快QQ下载 https:\/\/t.co\/UqWXey1k2i","name":"RoyChan69","retweets_count":1198},{"id":"1404928065692585987","created_at":1623824727000,"tweet":"复旦大学数科院、工会、校友会在网上发起为党委书记王永珍捐款的帖子，收到了网友热烈的支持，有捐汽油的，有捐党旗的，有捐狗粮的…更多的是要求公布姜老师的捐款方式！公道自在人心！这车翻得漂亮🤣 https:\/\/t.co\/8zvPgPY4gz","name":"竹枝","retweets_count":390},{"id":"1404970451625930755","created_at":1623834833000,"tweet":"一复旦任教的朋友告知我：校方全面动员给王永珍书记捐款。我问：“谁是王永珍”？对方回答：“就是前天被姜老师就地正法的那个书记”。我问：“捐款的人多吗”？回答：“不知道！只知有很多人寻求如何才能给姜老师家属捐款”。 https:\/\/t.co\/EN8ZbCCdLu","name":"WaterMan@Freedom","retweets_count":509},{"id":"1404982645457440774","created_at":1623837740000,"tweet":"5月9日消息 复旦大学国际关系与公共事务学院国际政治系教授沈逸，被指曾支持薄熙来。 https:\/\/t.co\/IjOD56DMna","name":"Aquarius0120","retweets_count":835},{"id":"1405036858137010176","created_at":1623850665000,"tweet":"复旦大学瘦弱的数学教师变成杨佳第二，手刃数学研究院党委书记，令其即时身亡。奇葩的教育体制是根本问题。复旦学习国外的升迁淘汰体制经年，形似而神不似，与等级观念沆瀣一气，逼人途穷。人称杨佳第二。 https:\/\/t.co\/HSkAj8mkJS","name":"Remy","retweets_count":330},{"id":"1405039075720060930","created_at":1623851194000,"tweet":"今日被粉丝邀请去拍摄🎬 操逼视频\n他说这个复旦大学生 喜欢玩无套 想被我拍摄记录下来  玩了两个多小时 逼都操的合不起来了 粉丝小哥哥都还没射 \n这也太持久了吧 最后 又喊来附近的一个大鸡吧1🐔 一起玩 嘿嘿 不知道今天复旦大学生… https:\/\/t.co\/mSk6WicMHt","name":"Findself","retweets_count":835},{"id":"1405077858561662976","created_at":1623860441000,"tweet":"复旦大学发起为被杀的王永珍捐款，后面的跟帖几乎一面倒地要为姜老师捐款。每一条这样的跟帖都有几百个点赞。","name":"炼身体 挺文贵 反独裁","retweets_count":747},{"id":"1405175519444967427","created_at":1623883725000,"tweet":"大学行政人员是永久职位, 教研老师却是聘任制。党员干部就是大爷，不服就搞死你, “#黑社会 流氓腔调“\n#姜文华 的 #复旦 校友陆绮：“我不认为 #王永珍 是什么烈士，他类似于一个中国 #党文化 的牺牲品，他的死轻于鸿毛...姜… https:\/\/t.co\/OJhWXoaZZF","name":"出来逛逛","retweets_count":617},{"id":"1405375952876568585","created_at":1623931512000,"tweet":"复旦大学是副部级单位，校长、党委书记是副部长级别，学院的党委书记应是副厅长（司长）级别，也是属于高干了。一个副厅长（司长）级官员死了，还要为其家人向社会发起募捐，极为罕见！\n没想到的是，募捐信后面的评论竟然都是问如何给姜文华捐款。 https:\/\/t.co\/h40qt55z4x","name":"一叶孤舟999","retweets_count":439},{"id":"1405588723874598916","created_at":1623982241000,"tweet":"复旦大学要为王书记募捐，看看评论，一边倒要为姜老师捐款。这就是民意，痛恨党棍！希望专制垮台。 https:\/\/t.co\/oortcifrGk","name":"FremdSprach","retweets_count":752},{"id":"1405940327882522624","created_at":1624066069000,"tweet":"复旦官方为被杀的书记发起网络募捐，留言翻车，无一人想为其捐款，反而很多人都想为杀人者姜老师捐款，也有人说素鸡（书记）家不缺这点钱～\n\n这才是中共国真正的民意 https:\/\/t.co\/wi5seamCRd","name":"Ehemone","retweets_count":1981},{"id":"1406223032708861954","created_at":1624133472000,"tweet":"求仁得仁，意思是王永珍自己找死？这个复旦大学中文系主任是靠写这种半文半白、半通不通的文字混上的？ https:\/\/t.co\/99IaaNZjbh","name":"XIWU寶寶","retweets_count":473}]